timestamp,event_id,last_price,best_bid,best_ask,bid_size,ask_size,volume,is_settled
2026-02-23T22:06:19Z,67028631656597977031363620447645908995417871899828777750494099295092202422178,0.0075,,,,,,0
2026-02-23T22:06:19Z,67028631656597977031363620447645908995417871899828777750494099295092202422178,0.0075,,,,,,0
2026-02-23T22:06:19Z,67028631656597977031363620447645908995417871899828777750494099295092202422178,0.0075,,,,,,0
2026-02-23T22:06:19Z,67028631656597977031363620447645908995417871899828777750494099295092202422178,0.0075,,,,,,0
2026-02-23T22:06:19Z,67028631656597977031363620447645908995417871899828777750494099295092202422178,0.0075,,,,,,0
2026-02-23T22:06:19Z,67028631656597977031363620447645908995417871899828777750494099295092202422178,0.0075,,,,,,0
2026-02-23T22:06:19Z,67028631656597977031363620447645908995417871899828777750494099295092202422178,0.0075,,,,,,0
2026-02-23T22:06:19Z,67028631656597977031363620447645908995417871899828777750494099295092202422178,0.0075,,,,,,0
2026-02-23T22:06:19Z,67028631656597977031363620447645908995417871899828777750494099295092202422178,0.0075,,,,,,0
2026-02-23T22:06:19Z,67028631656597977031363620447645908995417871899828777750494099295092202422178,0.0075,,,,,,0
2026-02-23T22:06:19Z,67028631656597977031363620447645908995417871899828777750494099295092202422178,0.0075,,,,,,0
2026-02-23T22:06:19Z,67028631656597977031363620447645908995417871899828777750494099295092202422178,0.0075,,,,,,0
2026-02-23T22:06:19Z,67028631656597977031363620447645908995417871899828777750494099295092202422178,0.0075,,,,,,0
2026-02-23T22:06:19Z,67028631656597977031363620447645908995417871899828777750494099295092202422178,0.0075,,,,,,0
2026-02-19T21:00:52Z,67028631656597977031363620447645908995417871899828777750494099295092202422178,0.0105,,,,,,0
2026-02-19T21:10:29Z,67028631656597977031363620447645908995417871899828777750494099295092202422178,0.011,,,,,,0
2026-02-19T21:20:22Z,67028631656597977031363620447645908995417871899828777750494099295092202422178,0.0055,,,,,,0
2026-02-19T21:30:29Z,67028631656597977031363620447645908995417871899828777750494099295092202422178,0.0055,,,,,,0
2026-02-19T21:40:24Z,67028631656597977031363620447645908995417871899828777750494099295092202422178,0.0055,,,,,,0
2026-02-19T21:50:22Z,67028631656597977031363620447645908995417871899828777750494099295092202422178,0.0055,,,,,,0
2026-02-19T22:00:31Z,67028631656597977031363620447645908995417871899828777750494099295092202422178,0.006,,,,,,0
2026-02-19T22:10:25Z,67028631656597977031363620447645908995417871899828777750494099295092202422178,0.006,,,,,,0
2026-02-19T22:20:29Z,67028631656597977031363620447645908995417871899828777750494099295092202422178,0.006,,,,,,0
2026-02-19T22:30:36Z,67028631656597977031363620447645908995417871899828777750494099295092202422178,0.005,,,,,,0
2026-02-19T22:40:22Z,67028631656597977031363620447645908995417871899828777750494099295092202422178,0.005,,,,,,0
2026-02-19T22:50:21Z,67028631656597977031363620447645908995417871899828777750494099295092202422178,0.005,,,,,,0
2026-02-19T23:00:30Z,67028631656597977031363620447645908995417871899828777750494099295092202422178,0.005,,,,,,0
2026-02-19T23:10:53Z,67028631656597977031363620447645908995417871899828777750494099295092202422178,0.005,,,,,,0
2026-02-19T23:20:23Z,67028631656597977031363620447645908995417871899828777750494099295092202422178,0.0045,,,,,,0
2026-02-19T23:30:29Z,67028631656597977031363620447645908995417871899828777750494099295092202422178,0.0045,,,,,,0
2026-02-19T23:40:54Z,67028631656597977031363620447645908995417871899828777750494099295092202422178,0.0045,,,,,,0
2026-02-19T23:50:25Z,67028631656597977031363620447645908995417871899828777750494099295092202422178,0.0045,,,,,,0
2026-02-20T00:00:54Z,67028631656597977031363620447645908995417871899828777750494099295092202422178,0.0045,,,,,,0
2026-02-20T00:10:21Z,67028631656597977031363620447645908995417871899828777750494099295092202422178,0.0045,,,,,,0
2026-02-20T00:20:25Z,67028631656597977031363620447645908995417871899828777750494099295092202422178,0.0045,,,,,,0
2026-02-20T00:30:23Z,67028631656597977031363620447645908995417871899828777750494099295092202422178,0.005,,,,,,0
2026-02-20T00:40:22Z,67028631656597977031363620447645908995417871899828777750494099295092202422178,0.005,,,,,,0
2026-02-20T00:50:23Z,67028631656597977031363620447645908995417871899828777750494099295092202422178,0.005,,,,,,0
2026-02-20T01:00:37Z,67028631656597977031363620447645908995417871899828777750494099295092202422178,0.005,,,,,,0
2026-02-20T01:10:22Z,67028631656597977031363620447645908995417871899828777750494099295092202422178,0.005,,,,,,0
2026-02-20T01:20:22Z,67028631656597977031363620447645908995417871899828777750494099295092202422178,0.005,,,,,,0
2026-02-20T01:30:26Z,67028631656597977031363620447645908995417871899828777750494099295092202422178,0.005,,,,,,0
2026-02-20T01:40:21Z,67028631656597977031363620447645908995417871899828777750494099295092202422178,0.005,,,,,,0
2026-02-20T01:50:21Z,67028631656597977031363620447645908995417871899828777750494099295092202422178,0.005,,,,,,0
2026-02-20T02:00:24Z,67028631656597977031363620447645908995417871899828777750494099295092202422178,0.007,,,,,,0
2026-02-20T02:10:22Z,67028631656597977031363620447645908995417871899828777750494099295092202422178,0.0075,,,,,,0
2026-02-20T02:20:22Z,67028631656597977031363620447645908995417871899828777750494099295092202422178,0.008,,,,,,0
2026-02-20T02:30:26Z,67028631656597977031363620447645908995417871899828777750494099295092202422178,0.008,,,,,,0
2026-02-20T02:40:39Z,67028631656597977031363620447645908995417871899828777750494099295092202422178,0.008,,,,,,0
2026-02-20T02:50:23Z,67028631656597977031363620447645908995417871899828777750494099295092202422178,0.008,,,,,,0
2026-02-20T03:00:52Z,67028631656597977031363620447645908995417871899828777750494099295092202422178,0.008,,,,,,0
2026-02-20T03:10:23Z,67028631656597977031363620447645908995417871899828777750494099295092202422178,0.008,,,,,,0
2026-02-20T03:20:23Z,67028631656597977031363620447645908995417871899828777750494099295092202422178,0.008,,,,,,0
2026-02-20T03:30:25Z,67028631656597977031363620447645908995417871899828777750494099295092202422178,0.008,,,,,,0
2026-02-20T03:40:24Z,67028631656597977031363620447645908995417871899828777750494099295092202422178,0.008,,,,,,0
2026-02-20T03:50:22Z,67028631656597977031363620447645908995417871899828777750494099295092202422178,0.008,,,,,,0
2026-02-20T04:00:23Z,67028631656597977031363620447645908995417871899828777750494099295092202422178,0.008,,,,,,0
2026-02-20T04:10:23Z,67028631656597977031363620447645908995417871899828777750494099295092202422178,0.008,,,,,,0
2026-02-20T04:20:23Z,67028631656597977031363620447645908995417871899828777750494099295092202422178,0.008,,,,,,0
2026-02-20T04:30:25Z,67028631656597977031363620447645908995417871899828777750494099295092202422178,0.008,,,,,,0
2026-02-20T04:40:23Z,67028631656597977031363620447645908995417871899828777750494099295092202422178,0.008,,,,,,0
2026-02-20T04:50:24Z,67028631656597977031363620447645908995417871899828777750494099295092202422178,0.008,,,,,,0
2026-02-20T05:00:23Z,67028631656597977031363620447645908995417871899828777750494099295092202422178,0.008,,,,,,0
2026-02-20T05:10:29Z,67028631656597977031363620447645908995417871899828777750494099295092202422178,0.008,,,,,,0
2026-02-20T05:20:20Z,67028631656597977031363620447645908995417871899828777750494099295092202422178,0.008,,,,,,0
2026-02-20T05:30:26Z,67028631656597977031363620447645908995417871899828777750494099295092202422178,0.008,,,,,,0
2026-02-20T05:40:22Z,67028631656597977031363620447645908995417871899828777750494099295092202422178,0.008,,,,,,0
2026-02-20T05:50:21Z,67028631656597977031363620447645908995417871899828777750494099295092202422178,0.008,,,,,,0
2026-02-20T06:00:43Z,67028631656597977031363620447645908995417871899828777750494099295092202422178,0.008,,,,,,0
2026-02-20T06:10:24Z,67028631656597977031363620447645908995417871899828777750494099295092202422178,0.008,,,,,,0
2026-02-20T06:20:22Z,67028631656597977031363620447645908995417871899828777750494099295092202422178,0.008,,,,,,0
2026-02-20T06:30:23Z,67028631656597977031363620447645908995417871899828777750494099295092202422178,0.008,,,,,,0
2026-02-20T06:40:22Z,67028631656597977031363620447645908995417871899828777750494099295092202422178,0.008,,,,,,0
2026-02-20T06:50:23Z,67028631656597977031363620447645908995417871899828777750494099295092202422178,0.008,,,,,,0
2026-02-20T07:00:24Z,67028631656597977031363620447645908995417871899828777750494099295092202422178,0.008,,,,,,0
2026-02-20T07:10:20Z,67028631656597977031363620447645908995417871899828777750494099295092202422178,0.008,,,,,,0
2026-02-20T07:20:25Z,67028631656597977031363620447645908995417871899828777750494099295092202422178,0.008,,,,,,0
2026-02-20T07:30:23Z,67028631656597977031363620447645908995417871899828777750494099295092202422178,0.008,,,,,,0
2026-02-20T07:40:23Z,67028631656597977031363620447645908995417871899828777750494099295092202422178,0.008,,,,,,0
2026-02-20T07:50:23Z,67028631656597977031363620447645908995417871899828777750494099295092202422178,0.008,,,,,,0
2026-02-20T08:00:24Z,67028631656597977031363620447645908995417871899828777750494099295092202422178,0.008,,,,,,0
2026-02-20T08:10:23Z,67028631656597977031363620447645908995417871899828777750494099295092202422178,0.008,,,,,,0
2026-02-20T08:20:22Z,67028631656597977031363620447645908995417871899828777750494099295092202422178,0.008,,,,,,0
2026-02-20T08:30:24Z,67028631656597977031363620447645908995417871899828777750494099295092202422178,0.008,,,,,,0
2026-02-20T08:40:22Z,67028631656597977031363620447645908995417871899828777750494099295092202422178,0.008,,,,,,0
2026-02-20T08:50:22Z,67028631656597977031363620447645908995417871899828777750494099295092202422178,0.008,,,,,,0
2026-02-20T09:00:37Z,67028631656597977031363620447645908995417871899828777750494099295092202422178,0.008,,,,,,0
2026-02-20T09:10:21Z,67028631656597977031363620447645908995417871899828777750494099295092202422178,0.008,,,,,,0
2026-02-20T09:20:21Z,67028631656597977031363620447645908995417871899828777750494099295092202422178,0.008,,,,,,0
2026-02-20T09:30:27Z,67028631656597977031363620447645908995417871899828777750494099295092202422178,0.008,,,,,,0
2026-02-20T09:40:21Z,67028631656597977031363620447645908995417871899828777750494099295092202422178,0.008,,,,,,0
2026-02-20T09:50:21Z,67028631656597977031363620447645908995417871899828777750494099295092202422178,0.008,,,,,,0
2026-02-20T10:00:24Z,67028631656597977031363620447645908995417871899828777750494099295092202422178,0.008,,,,,,0
2026-02-20T10:10:23Z,67028631656597977031363620447645908995417871899828777750494099295092202422178,0.008,,,,,,0
2026-02-20T10:20:23Z,67028631656597977031363620447645908995417871899828777750494099295092202422178,0.008,,,,,,0
2026-02-20T10:30:23Z,67028631656597977031363620447645908995417871899828777750494099295092202422178,0.008,,,,,,0
2026-02-20T10:40:24Z,67028631656597977031363620447645908995417871899828777750494099295092202422178,0.008,,,,,,0
2026-02-20T10:50:20Z,67028631656597977031363620447645908995417871899828777750494099295092202422178,0.008,,,,,,0
2026-02-20T11:00:25Z,67028631656597977031363620447645908995417871899828777750494099295092202422178,0.008,,,,,,0
2026-02-20T11:10:21Z,67028631656597977031363620447645908995417871899828777750494099295092202422178,0.008,,,,,,0
2026-02-20T11:20:22Z,67028631656597977031363620447645908995417871899828777750494099295092202422178,0.0085,,,,,,0
2026-02-20T11:30:24Z,67028631656597977031363620447645908995417871899828777750494099295092202422178,0.0085,,,,,,0
2026-02-20T11:40:27Z,67028631656597977031363620447645908995417871899828777750494099295092202422178,0.008,,,,,,0
2026-02-20T11:50:21Z,67028631656597977031363620447645908995417871899828777750494099295092202422178,0.008,,,,,,0
2026-02-20T12:00:33Z,67028631656597977031363620447645908995417871899828777750494099295092202422178,0.008,,,,,,0
2026-02-20T12:10:22Z,67028631656597977031363620447645908995417871899828777750494099295092202422178,0.008,,,,,,0
2026-02-20T12:20:22Z,67028631656597977031363620447645908995417871899828777750494099295092202422178,0.008,,,,,,0
2026-02-20T12:30:52Z,67028631656597977031363620447645908995417871899828777750494099295092202422178,0.008,,,,,,0
2026-02-20T12:40:21Z,67028631656597977031363620447645908995417871899828777750494099295092202422178,0.008,,,,,,0
2026-02-20T12:50:21Z,67028631656597977031363620447645908995417871899828777750494099295092202422178,0.008,,,,,,0
2026-02-20T13:00:52Z,67028631656597977031363620447645908995417871899828777750494099295092202422178,0.008,,,,,,0
2026-02-20T13:10:22Z,67028631656597977031363620447645908995417871899828777750494099295092202422178,0.008,,,,,,0
2026-02-20T13:20:21Z,67028631656597977031363620447645908995417871899828777750494099295092202422178,0.008,,,,,,0
2026-02-20T13:30:30Z,67028631656597977031363620447645908995417871899828777750494099295092202422178,0.008,,,,,,0
2026-02-20T13:40:21Z,67028631656597977031363620447645908995417871899828777750494099295092202422178,0.008,,,,,,0
2026-02-20T13:50:27Z,67028631656597977031363620447645908995417871899828777750494099295092202422178,0.0085,,,,,,0
2026-02-20T14:00:23Z,67028631656597977031363620447645908995417871899828777750494099295092202422178,0.0085,,,,,,0
2026-02-20T14:10:23Z,67028631656597977031363620447645908995417871899828777750494099295092202422178,0.0085,,,,,,0
2026-02-20T14:20:22Z,67028631656597977031363620447645908995417871899828777750494099295092202422178,0.0085,,,,,,0
2026-02-20T14:30:25Z,67028631656597977031363620447645908995417871899828777750494099295092202422178,0.0085,,,,,,0
2026-02-20T14:40:28Z,67028631656597977031363620447645908995417871899828777750494099295092202422178,0.0085,,,,,,0
2026-02-20T14:50:23Z,67028631656597977031363620447645908995417871899828777750494099295092202422178,0.0085,,,,,,0
2026-02-20T15:00:31Z,67028631656597977031363620447645908995417871899828777750494099295092202422178,0.0085,,,,,,0
2026-02-20T15:10:23Z,67028631656597977031363620447645908995417871899828777750494099295092202422178,0.0085,,,,,,0
2026-02-20T15:20:24Z,67028631656597977031363620447645908995417871899828777750494099295092202422178,0.0085,,,,,,0
2026-02-20T15:30:39Z,67028631656597977031363620447645908995417871899828777750494099295092202422178,0.0085,,,,,,0
2026-02-20T15:40:24Z,67028631656597977031363620447645908995417871899828777750494099295092202422178,0.0085,,,,,,0
2026-02-20T15:50:21Z,67028631656597977031363620447645908995417871899828777750494099295092202422178,0.0085,,,,,,0
2026-02-20T16:00:57Z,67028631656597977031363620447645908995417871899828777750494099295092202422178,0.0085,,,,,,0
2026-02-20T16:10:23Z,67028631656597977031363620447645908995417871899828777750494099295092202422178,0.0085,,,,,,0
2026-02-20T16:20:23Z,67028631656597977031363620447645908995417871899828777750494099295092202422178,0.0085,,,,,,0
2026-02-20T16:30:31Z,67028631656597977031363620447645908995417871899828777750494099295092202422178,0.0085,,,,,,0
2026-02-20T16:40:24Z,67028631656597977031363620447645908995417871899828777750494099295092202422178,0.0085,,,,,,0
2026-02-20T16:50:55Z,67028631656597977031363620447645908995417871899828777750494099295092202422178,0.0085,,,,,,0
2026-02-20T17:00:49Z,67028631656597977031363620447645908995417871899828777750494099295092202422178,0.0085,,,,,,0
2026-02-20T17:10:23Z,67028631656597977031363620447645908995417871899828777750494099295092202422178,0.0085,,,,,,0
2026-02-20T17:20:35Z,67028631656597977031363620447645908995417871899828777750494099295092202422178,0.0085,,,,,,0
2026-02-20T17:30:24Z,67028631656597977031363620447645908995417871899828777750494099295092202422178,0.0085,,,,,,0
2026-02-20T17:40:22Z,67028631656597977031363620447645908995417871899828777750494099295092202422178,0.0085,,,,,,0
2026-02-20T17:50:22Z,67028631656597977031363620447645908995417871899828777750494099295092202422178,0.0085,,,,,,0
2026-02-20T18:00:31Z,67028631656597977031363620447645908995417871899828777750494099295092202422178,0.0085,,,,,,0
2026-02-20T18:10:23Z,67028631656597977031363620447645908995417871899828777750494099295092202422178,0.0085,,,,,,0
2026-02-20T18:20:23Z,67028631656597977031363620447645908995417871899828777750494099295092202422178,0.0085,,,,,,0
2026-02-20T18:30:26Z,67028631656597977031363620447645908995417871899828777750494099295092202422178,0.0085,,,,,,0
2026-02-20T18:40:53Z,67028631656597977031363620447645908995417871899828777750494099295092202422178,0.0085,,,,,,0
2026-02-20T18:50:23Z,67028631656597977031363620447645908995417871899828777750494099295092202422178,0.0085,,,,,,0
2026-02-20T19:00:31Z,67028631656597977031363620447645908995417871899828777750494099295092202422178,0.0085,,,,,,0
2026-02-20T19:10:30Z,67028631656597977031363620447645908995417871899828777750494099295092202422178,0.0085,,,,,,0
2026-02-20T19:20:23Z,67028631656597977031363620447645908995417871899828777750494099295092202422178,0.0085,,,,,,0
2026-02-20T19:30:26Z,67028631656597977031363620447645908995417871899828777750494099295092202422178,0.0085,,,,,,0
2026-02-20T19:40:24Z,67028631656597977031363620447645908995417871899828777750494099295092202422178,0.0085,,,,,,0
2026-02-20T19:50:30Z,67028631656597977031363620447645908995417871899828777750494099295092202422178,0.0085,,,,,,0
2026-02-20T20:00:27Z,67028631656597977031363620447645908995417871899828777750494099295092202422178,0.0085,,,,,,0
2026-02-20T20:10:25Z,67028631656597977031363620447645908995417871899828777750494099295092202422178,0.0085,,,,,,0
2026-02-20T20:20:29Z,67028631656597977031363620447645908995417871899828777750494099295092202422178,0.0085,,,,,,0
2026-02-20T20:30:25Z,67028631656597977031363620447645908995417871899828777750494099295092202422178,0.0085,,,,,,0
2026-02-20T20:40:22Z,67028631656597977031363620447645908995417871899828777750494099295092202422178,0.0085,,,,,,0
2026-02-20T20:50:22Z,67028631656597977031363620447645908995417871899828777750494099295092202422178,0.0085,,,,,,0
2026-02-20T21:00:32Z,67028631656597977031363620447645908995417871899828777750494099295092202422178,0.0085,,,,,,0
2026-02-20T21:10:29Z,67028631656597977031363620447645908995417871899828777750494099295092202422178,0.0085,,,,,,0
2026-02-20T21:20:22Z,67028631656597977031363620447645908995417871899828777750494099295092202422178,0.0085,,,,,,0
2026-02-20T21:30:25Z,67028631656597977031363620447645908995417871899828777750494099295092202422178,0.0085,,,,,,0
2026-02-20T21:40:22Z,67028631656597977031363620447645908995417871899828777750494099295092202422178,0.0085,,,,,,0
2026-02-20T21:50:23Z,67028631656597977031363620447645908995417871899828777750494099295092202422178,0.0075,,,,,,0
2026-02-20T22:00:26Z,67028631656597977031363620447645908995417871899828777750494099295092202422178,0.0075,,,,,,0
2026-02-20T22:10:23Z,67028631656597977031363620447645908995417871899828777750494099295092202422178,0.0075,,,,,,0
2026-02-20T22:20:22Z,67028631656597977031363620447645908995417871899828777750494099295092202422178,0.0075,,,,,,0
2026-02-20T22:30:31Z,67028631656597977031363620447645908995417871899828777750494099295092202422178,0.0075,,,,,,0
2026-02-20T22:40:29Z,67028631656597977031363620447645908995417871899828777750494099295092202422178,0.0075,,,,,,0
2026-02-20T22:50:23Z,67028631656597977031363620447645908995417871899828777750494099295092202422178,0.0075,,,,,,0
2026-02-20T23:00:26Z,67028631656597977031363620447645908995417871899828777750494099295092202422178,0.0075,,,,,,0
2026-02-20T23:10:23Z,67028631656597977031363620447645908995417871899828777750494099295092202422178,0.0075,,,,,,0
2026-02-20T23:20:22Z,67028631656597977031363620447645908995417871899828777750494099295092202422178,0.0075,,,,,,0
2026-02-20T23:30:35Z,67028631656597977031363620447645908995417871899828777750494099295092202422178,0.0075,,,,,,0
2026-02-20T23:40:51Z,67028631656597977031363620447645908995417871899828777750494099295092202422178,0.0075,,,,,,0
2026-02-20T23:50:22Z,67028631656597977031363620447645908995417871899828777750494099295092202422178,0.0075,,,,,,0
2026-02-21T00:00:36Z,67028631656597977031363620447645908995417871899828777750494099295092202422178,0.0075,,,,,,0
2026-02-21T00:10:30Z,67028631656597977031363620447645908995417871899828777750494099295092202422178,0.0075,,,,,,0
2026-02-21T00:20:23Z,67028631656597977031363620447645908995417871899828777750494099295092202422178,0.0075,,,,,,0
2026-02-21T00:30:39Z,67028631656597977031363620447645908995417871899828777750494099295092202422178,0.0075,,,,,,0
2026-02-21T00:40:21Z,67028631656597977031363620447645908995417871899828777750494099295092202422178,0.0075,,,,,,0
2026-02-21T00:50:24Z,67028631656597977031363620447645908995417871899828777750494099295092202422178,0.0085,,,,,,0
2026-02-21T01:00:31Z,67028631656597977031363620447645908995417871899828777750494099295092202422178,0.0085,,,,,,0
2026-02-21T01:10:22Z,67028631656597977031363620447645908995417871899828777750494099295092202422178,0.0085,,,,,,0
2026-02-21T01:20:21Z,67028631656597977031363620447645908995417871899828777750494099295092202422178,0.0085,,,,,,0
2026-02-21T01:30:30Z,67028631656597977031363620447645908995417871899828777750494099295092202422178,0.0085,,,,,,0
2026-02-21T01:40:22Z,67028631656597977031363620447645908995417871899828777750494099295092202422178,0.0085,,,,,,0
2026-02-21T01:50:21Z,67028631656597977031363620447645908995417871899828777750494099295092202422178,0.0085,,,,,,0
2026-02-21T02:00:25Z,67028631656597977031363620447645908995417871899828777750494099295092202422178,0.0085,,,,,,0
2026-02-21T02:10:22Z,67028631656597977031363620447645908995417871899828777750494099295092202422178,0.0085,,,,,,0
2026-02-21T02:20:22Z,67028631656597977031363620447645908995417871899828777750494099295092202422178,0.0085,,,,,,0
2026-02-21T02:30:25Z,67028631656597977031363620447645908995417871899828777750494099295092202422178,0.0085,,,,,,0
2026-02-21T02:40:21Z,67028631656597977031363620447645908995417871899828777750494099295092202422178,0.0085,,,,,,0
2026-02-21T02:50:22Z,67028631656597977031363620447645908995417871899828777750494099295092202422178,0.0085,,,,,,0
2026-02-21T03:00:33Z,67028631656597977031363620447645908995417871899828777750494099295092202422178,0.0085,,,,,,0
2026-02-21T03:10:22Z,67028631656597977031363620447645908995417871899828777750494099295092202422178,0.0085,,,,,,0
2026-02-21T03:20:22Z,67028631656597977031363620447645908995417871899828777750494099295092202422178,0.0085,,,,,,0
2026-02-21T03:30:44Z,67028631656597977031363620447645908995417871899828777750494099295092202422178,0.0085,,,,,,0
2026-02-21T03:40:22Z,67028631656597977031363620447645908995417871899828777750494099295092202422178,0.0085,,,,,,0
2026-02-21T03:50:22Z,67028631656597977031363620447645908995417871899828777750494099295092202422178,0.0085,,,,,,0
2026-02-21T04:00:34Z,67028631656597977031363620447645908995417871899828777750494099295092202422178,0.0085,,,,,,0
2026-02-21T04:10:22Z,67028631656597977031363620447645908995417871899828777750494099295092202422178,0.0085,,,,,,0
2026-02-21T04:20:27Z,67028631656597977031363620447645908995417871899828777750494099295092202422178,0.0085,,,,,,0
2026-02-21T04:30:25Z,67028631656597977031363620447645908995417871899828777750494099295092202422178,0.0085,,,,,,0
2026-02-21T04:40:56Z,67028631656597977031363620447645908995417871899828777750494099295092202422178,0.0085,,,,,,0
2026-02-21T04:50:23Z,67028631656597977031363620447645908995417871899828777750494099295092202422178,0.0085,,,,,,0
2026-02-21T05:00:25Z,67028631656597977031363620447645908995417871899828777750494099295092202422178,0.0085,,,,,,0
2026-02-21T05:10:34Z,67028631656597977031363620447645908995417871899828777750494099295092202422178,0.0085,,,,,,0
2026-02-21T05:20:24Z,67028631656597977031363620447645908995417871899828777750494099295092202422178,0.0085,,,,,,0
2026-02-21T05:30:33Z,67028631656597977031363620447645908995417871899828777750494099295092202422178,0.0085,,,,,,0
2026-02-21T05:40:21Z,67028631656597977031363620447645908995417871899828777750494099295092202422178,0.0085,,,,,,0
2026-02-21T05:50:23Z,67028631656597977031363620447645908995417871899828777750494099295092202422178,0.0085,,,,,,0
2026-02-21T06:10:24Z,67028631656597977031363620447645908995417871899828777750494099295092202422178,0.0085,,,,,,0
2026-02-21T06:20:24Z,67028631656597977031363620447645908995417871899828777750494099295092202422178,0.0085,,,,,,0
2026-02-21T06:30:26Z,67028631656597977031363620447645908995417871899828777750494099295092202422178,0.0085,,,,,,0
2026-02-21T06:40:29Z,67028631656597977031363620447645908995417871899828777750494099295092202422178,0.0085,,,,,,0
2026-02-21T06:50:23Z,67028631656597977031363620447645908995417871899828777750494099295092202422178,0.0085,,,,,,0
2026-02-21T07:00:28Z,67028631656597977031363620447645908995417871899828777750494099295092202422178,0.0085,,,,,,0
2026-02-21T07:10:23Z,67028631656597977031363620447645908995417871899828777750494099295092202422178,0.0085,,,,,,0
2026-02-21T07:20:23Z,67028631656597977031363620447645908995417871899828777750494099295092202422178,0.0085,,,,,,0
2026-02-21T07:30:27Z,67028631656597977031363620447645908995417871899828777750494099295092202422178,0.0085,,,,,,0
2026-02-21T07:40:56Z,67028631656597977031363620447645908995417871899828777750494099295092202422178,0.0085,,,,,,0
2026-02-21T07:50:23Z,67028631656597977031363620447645908995417871899828777750494099295092202422178,0.0085,,,,,,0
2026-02-21T08:00:27Z,67028631656597977031363620447645908995417871899828777750494099295092202422178,0.0085,,,,,,0
2026-02-21T08:10:42Z,67028631656597977031363620447645908995417871899828777750494099295092202422178,0.0085,,,,,,0
2026-02-21T08:20:29Z,67028631656597977031363620447645908995417871899828777750494099295092202422178,0.0085,,,,,,0
2026-02-21T08:30:28Z,67028631656597977031363620447645908995417871899828777750494099295092202422178,0.0085,,,,,,0
2026-02-21T08:40:23Z,67028631656597977031363620447645908995417871899828777750494099295092202422178,0.0085,,,,,,0
2026-02-21T08:50:23Z,67028631656597977031363620447645908995417871899828777750494099295092202422178,0.0085,,,,,,0
2026-02-21T09:00:33Z,67028631656597977031363620447645908995417871899828777750494099295092202422178,0.0085,,,,,,0
2026-02-21T09:10:27Z,67028631656597977031363620447645908995417871899828777750494099295092202422178,0.0085,,,,,,0
2026-02-21T09:20:23Z,67028631656597977031363620447645908995417871899828777750494099295092202422178,0.0085,,,,,,0
2026-02-21T09:30:27Z,67028631656597977031363620447645908995417871899828777750494099295092202422178,0.0085,,,,,,0
2026-02-21T09:40:29Z,67028631656597977031363620447645908995417871899828777750494099295092202422178,0.0085,,,,,,0
2026-02-21T09:50:23Z,67028631656597977031363620447645908995417871899828777750494099295092202422178,0.0085,,,,,,0
2026-02-21T10:00:28Z,67028631656597977031363620447645908995417871899828777750494099295092202422178,0.0085,,,,,,0
2026-02-21T10:10:21Z,67028631656597977031363620447645908995417871899828777750494099295092202422178,0.0085,,,,,,0
2026-02-21T10:20:35Z,67028631656597977031363620447645908995417871899828777750494099295092202422178,0.0085,,,,,,0
2026-02-21T10:30:41Z,67028631656597977031363620447645908995417871899828777750494099295092202422178,0.0085,,,,,,0
2026-02-21T10:40:24Z,67028631656597977031363620447645908995417871899828777750494099295092202422178,0.0085,,,,,,0
2026-02-21T10:50:24Z,67028631656597977031363620447645908995417871899828777750494099295092202422178,0.0085,,,,,,0
2026-02-21T11:00:37Z,67028631656597977031363620447645908995417871899828777750494099295092202422178,0.0085,,,,,,0
2026-02-21T11:10:24Z,67028631656597977031363620447645908995417871899828777750494099295092202422178,0.0085,,,,,,0
2026-02-21T11:20:29Z,67028631656597977031363620447645908995417871899828777750494099295092202422178,0.0085,,,,,,0
2026-02-21T11:30:28Z,67028631656597977031363620447645908995417871899828777750494099295092202422178,0.0085,,,,,,0
2026-02-21T11:40:24Z,67028631656597977031363620447645908995417871899828777750494099295092202422178,0.0085,,,,,,0
2026-02-21T11:50:23Z,67028631656597977031363620447645908995417871899828777750494099295092202422178,0.0085,,,,,,0
2026-02-21T12:00:37Z,67028631656597977031363620447645908995417871899828777750494099295092202422178,0.0085,,,,,,0
2026-02-21T12:10:25Z,67028631656597977031363620447645908995417871899828777750494099295092202422178,0.0085,,,,,,0
2026-02-21T12:20:26Z,67028631656597977031363620447645908995417871899828777750494099295092202422178,0.0085,,,,,,0
2026-02-21T12:30:26Z,67028631656597977031363620447645908995417871899828777750494099295092202422178,0.0085,,,,,,0
2026-02-21T12:40:24Z,67028631656597977031363620447645908995417871899828777750494099295092202422178,0.0085,,,,,,0
2026-02-21T12:50:36Z,67028631656597977031363620447645908995417871899828777750494099295092202422178,0.0085,,,,,,0
2026-02-21T13:00:35Z,67028631656597977031363620447645908995417871899828777750494099295092202422178,0.0085,,,,,,0
2026-02-21T13:10:22Z,67028631656597977031363620447645908995417871899828777750494099295092202422178,0.0085,,,,,,0
2026-02-21T13:20:23Z,67028631656597977031363620447645908995417871899828777750494099295092202422178,0.0085,,,,,,0
2026-02-21T13:30:44Z,67028631656597977031363620447645908995417871899828777750494099295092202422178,0.0085,,,,,,0
2026-02-21T13:40:44Z,67028631656597977031363620447645908995417871899828777750494099295092202422178,0.0085,,,,,,0
2026-02-21T13:50:23Z,67028631656597977031363620447645908995417871899828777750494099295092202422178,0.0085,,,,,,0
2026-02-21T14:00:27Z,67028631656597977031363620447645908995417871899828777750494099295092202422178,0.0085,,,,,,0
2026-02-21T14:10:28Z,67028631656597977031363620447645908995417871899828777750494099295092202422178,0.0085,,,,,,0
2026-02-21T14:20:26Z,67028631656597977031363620447645908995417871899828777750494099295092202422178,0.0085,,,,,,0
2026-02-21T14:30:32Z,67028631656597977031363620447645908995417871899828777750494099295092202422178,0.0085,,,,,,0
2026-02-21T14:40:23Z,67028631656597977031363620447645908995417871899828777750494099295092202422178,0.0085,,,,,,0
2026-02-21T14:50:23Z,67028631656597977031363620447645908995417871899828777750494099295092202422178,0.0085,,,,,,0
2026-02-21T15:00:36Z,67028631656597977031363620447645908995417871899828777750494099295092202422178,0.0085,,,,,,0
2026-02-21T15:10:23Z,67028631656597977031363620447645908995417871899828777750494099295092202422178,0.0085,,,,,,0
2026-02-21T15:20:37Z,67028631656597977031363620447645908995417871899828777750494099295092202422178,0.0085,,,,,,0
2026-02-21T15:30:27Z,67028631656597977031363620447645908995417871899828777750494099295092202422178,0.0085,,,,,,0
2026-02-21T15:40:25Z,67028631656597977031363620447645908995417871899828777750494099295092202422178,0.0085,,,,,,0
2026-02-21T15:50:27Z,67028631656597977031363620447645908995417871899828777750494099295092202422178,0.0085,,,,,,0
2026-02-21T16:00:27Z,67028631656597977031363620447645908995417871899828777750494099295092202422178,0.0085,,,,,,0
2026-02-21T16:10:22Z,67028631656597977031363620447645908995417871899828777750494099295092202422178,0.0085,,,,,,0
2026-02-21T16:20:23Z,67028631656597977031363620447645908995417871899828777750494099295092202422178,0.0085,,,,,,0
2026-02-21T16:30:40Z,67028631656597977031363620447645908995417871899828777750494099295092202422178,0.0085,,,,,,0
2026-02-21T16:40:29Z,67028631656597977031363620447645908995417871899828777750494099295092202422178,0.0085,,,,,,0
2026-02-21T16:50:23Z,67028631656597977031363620447645908995417871899828777750494099295092202422178,0.0085,,,,,,0
2026-02-21T17:00:44Z,67028631656597977031363620447645908995417871899828777750494099295092202422178,0.0085,,,,,,0
2026-02-21T17:10:23Z,67028631656597977031363620447645908995417871899828777750494099295092202422178,0.0085,,,,,,0
2026-02-21T17:20:31Z,67028631656597977031363620447645908995417871899828777750494099295092202422178,0.0085,,,,,,0
2026-02-21T17:30:28Z,67028631656597977031363620447645908995417871899828777750494099295092202422178,0.0085,,,,,,0
2026-02-21T17:40:31Z,67028631656597977031363620447645908995417871899828777750494099295092202422178,0.0085,,,,,,0
2026-02-21T17:50:29Z,67028631656597977031363620447645908995417871899828777750494099295092202422178,0.0085,,,,,,0
2026-02-21T18:00:34Z,67028631656597977031363620447645908995417871899828777750494099295092202422178,0.0085,,,,,,0
2026-02-21T18:10:23Z,67028631656597977031363620447645908995417871899828777750494099295092202422178,0.0085,,,,,,0
2026-02-21T18:20:34Z,67028631656597977031363620447645908995417871899828777750494099295092202422178,0.0085,,,,,,0
2026-02-21T18:30:28Z,67028631656597977031363620447645908995417871899828777750494099295092202422178,0.0085,,,,,,0
2026-02-21T18:40:22Z,67028631656597977031363620447645908995417871899828777750494099295092202422178,0.0085,,,,,,0
2026-02-21T18:50:24Z,67028631656597977031363620447645908995417871899828777750494099295092202422178,0.0085,,,,,,0
2026-02-21T19:00:34Z,67028631656597977031363620447645908995417871899828777750494099295092202422178,0.0085,,,,,,0
2026-02-23T22:06:19Z,67028631656597977031363620447645908995417871899828777750494099295092202422178,0.0075,,,,,,0
2026-02-21T19:10:24Z,67028631656597977031363620447645908995417871899828777750494099295092202422178,0.0085,,,,,,0
2026-02-21T19:20:24Z,67028631656597977031363620447645908995417871899828777750494099295092202422178,0.0085,,,,,,0
2026-02-21T19:40:23Z,67028631656597977031363620447645908995417871899828777750494099295092202422178,0.0085,,,,,,0
2026-02-21T19:50:41Z,67028631656597977031363620447645908995417871899828777750494099295092202422178,0.0085,,,,,,0
2026-02-21T20:00:36Z,67028631656597977031363620447645908995417871899828777750494099295092202422178,0.0085,,,,,,0
2026-02-21T20:10:27Z,67028631656597977031363620447645908995417871899828777750494099295092202422178,0.0085,,,,,,0
2026-02-21T20:20:24Z,67028631656597977031363620447645908995417871899828777750494099295092202422178,0.0085,,,,,,0
2026-02-21T20:30:30Z,67028631656597977031363620447645908995417871899828777750494099295092202422178,0.0085,,,,,,0
2026-02-21T20:40:30Z,67028631656597977031363620447645908995417871899828777750494099295092202422178,0.0085,,,,,,0
2026-02-21T20:50:23Z,67028631656597977031363620447645908995417871899828777750494099295092202422178,0.0085,,,,,,0
2026-02-21T21:00:35Z,67028631656597977031363620447645908995417871899828777750494099295092202422178,0.0085,,,,,,0
2026-02-21T21:10:24Z,67028631656597977031363620447645908995417871899828777750494099295092202422178,0.0085,,,,,,0
2026-02-21T21:20:24Z,67028631656597977031363620447645908995417871899828777750494099295092202422178,0.0085,,,,,,0
2026-02-21T21:30:30Z,67028631656597977031363620447645908995417871899828777750494099295092202422178,0.0085,,,,,,0
2026-02-21T21:40:24Z,67028631656597977031363620447645908995417871899828777750494099295092202422178,0.0085,,,,,,0
2026-02-21T21:50:24Z,67028631656597977031363620447645908995417871899828777750494099295092202422178,0.0085,,,,,,0
2026-02-21T22:00:28Z,67028631656597977031363620447645908995417871899828777750494099295092202422178,0.0085,,,,,,0
2026-02-21T22:10:29Z,67028631656597977031363620447645908995417871899828777750494099295092202422178,0.0085,,,,,,0
2026-02-21T22:20:30Z,67028631656597977031363620447645908995417871899828777750494099295092202422178,0.0085,,,,,,0
2026-02-21T22:30:28Z,67028631656597977031363620447645908995417871899828777750494099295092202422178,0.0085,,,,,,0
2026-02-21T22:40:23Z,67028631656597977031363620447645908995417871899828777750494099295092202422178,0.0085,,,,,,0
2026-02-21T22:50:23Z,67028631656597977031363620447645908995417871899828777750494099295092202422178,0.0085,,,,,,0
2026-02-21T23:00:29Z,67028631656597977031363620447645908995417871899828777750494099295092202422178,0.0085,,,,,,0
2026-02-21T23:10:53Z,67028631656597977031363620447645908995417871899828777750494099295092202422178,0.0085,,,,,,0
2026-02-21T23:20:24Z,67028631656597977031363620447645908995417871899828777750494099295092202422178,0.0085,,,,,,0
2026-02-21T23:30:28Z,67028631656597977031363620447645908995417871899828777750494099295092202422178,0.0085,,,,,,0
2026-02-21T23:40:23Z,67028631656597977031363620447645908995417871899828777750494099295092202422178,0.0085,,,,,,0
2026-02-21T23:50:29Z,67028631656597977031363620447645908995417871899828777750494099295092202422178,0.0085,,,,,,0
2026-02-22T00:00:37Z,67028631656597977031363620447645908995417871899828777750494099295092202422178,0.0085,,,,,,0
2026-02-22T00:10:22Z,67028631656597977031363620447645908995417871899828777750494099295092202422178,0.0085,,,,,,0
2026-02-22T00:20:23Z,67028631656597977031363620447645908995417871899828777750494099295092202422178,0.0085,,,,,,0
2026-02-22T00:30:28Z,67028631656597977031363620447645908995417871899828777750494099295092202422178,0.0085,,,,,,0
2026-02-22T00:40:23Z,67028631656597977031363620447645908995417871899828777750494099295092202422178,0.0085,,,,,,0
2026-02-22T00:50:23Z,67028631656597977031363620447645908995417871899828777750494099295092202422178,0.0085,,,,,,0
2026-02-22T01:00:28Z,67028631656597977031363620447645908995417871899828777750494099295092202422178,0.0085,,,,,,0
2026-02-22T01:10:24Z,67028631656597977031363620447645908995417871899828777750494099295092202422178,0.0085,,,,,,0
2026-02-22T01:20:23Z,67028631656597977031363620447645908995417871899828777750494099295092202422178,0.0085,,,,,,0
2026-02-22T01:30:29Z,67028631656597977031363620447645908995417871899828777750494099295092202422178,0.0085,,,,,,0
2026-02-22T01:40:23Z,67028631656597977031363620447645908995417871899828777750494099295092202422178,0.0085,,,,,,0
2026-02-22T01:50:23Z,67028631656597977031363620447645908995417871899828777750494099295092202422178,0.0085,,,,,,0
2026-02-22T02:00:29Z,67028631656597977031363620447645908995417871899828777750494099295092202422178,0.0085,,,,,,0
2026-02-22T02:10:38Z,67028631656597977031363620447645908995417871899828777750494099295092202422178,0.0085,,,,,,0
2026-02-22T02:20:23Z,67028631656597977031363620447645908995417871899828777750494099295092202422178,0.0085,,,,,,0
2026-02-22T02:30:29Z,67028631656597977031363620447645908995417871899828777750494099295092202422178,0.0085,,,,,,0
2026-02-22T02:40:34Z,67028631656597977031363620447645908995417871899828777750494099295092202422178,0.0085,,,,,,0
2026-02-22T02:50:43Z,67028631656597977031363620447645908995417871899828777750494099295092202422178,0.0085,,,,,,0
2026-02-22T03:00:49Z,67028631656597977031363620447645908995417871899828777750494099295092202422178,0.0085,,,,,,0
2026-02-22T03:10:21Z,67028631656597977031363620447645908995417871899828777750494099295092202422178,0.0085,,,,,,0
2026-02-22T03:20:23Z,67028631656597977031363620447645908995417871899828777750494099295092202422178,0.0085,,,,,,0
2026-02-22T03:30:27Z,67028631656597977031363620447645908995417871899828777750494099295092202422178,0.0085,,,,,,0
2026-02-22T03:40:21Z,67028631656597977031363620447645908995417871899828777750494099295092202422178,0.0085,,,,,,0
2026-02-22T03:50:33Z,67028631656597977031363620447645908995417871899828777750494099295092202422178,0.0085,,,,,,0
2026-02-22T04:00:26Z,67028631656597977031363620447645908995417871899828777750494099295092202422178,0.0085,,,,,,0
2026-02-22T04:10:21Z,67028631656597977031363620447645908995417871899828777750494099295092202422178,0.0085,,,,,,0
2026-02-22T04:20:22Z,67028631656597977031363620447645908995417871899828777750494099295092202422178,0.0085,,,,,,0
2026-02-22T04:30:25Z,67028631656597977031363620447645908995417871899828777750494099295092202422178,0.0085,,,,,,0
2026-02-22T04:40:23Z,67028631656597977031363620447645908995417871899828777750494099295092202422178,0.0085,,,,,,0
2026-02-22T04:50:24Z,67028631656597977031363620447645908995417871899828777750494099295092202422178,0.0085,,,,,,0
2026-02-22T05:00:26Z,67028631656597977031363620447645908995417871899828777750494099295092202422178,0.0085,,,,,,0
2026-02-22T05:10:22Z,67028631656597977031363620447645908995417871899828777750494099295092202422178,0.0085,,,,,,0
2026-02-22T05:20:34Z,67028631656597977031363620447645908995417871899828777750494099295092202422178,0.0085,,,,,,0
2026-02-22T05:30:26Z,67028631656597977031363620447645908995417871899828777750494099295092202422178,0.0085,,,,,,0
2026-02-22T05:40:21Z,67028631656597977031363620447645908995417871899828777750494099295092202422178,0.0085,,,,,,0
2026-02-22T05:50:28Z,67028631656597977031363620447645908995417871899828777750494099295092202422178,0.0085,,,,,,0
2026-02-22T06:00:32Z,67028631656597977031363620447645908995417871899828777750494099295092202422178,0.0085,,,,,,0
2026-02-22T06:10:21Z,67028631656597977031363620447645908995417871899828777750494099295092202422178,0.0085,,,,,,0
2026-02-22T06:20:47Z,67028631656597977031363620447645908995417871899828777750494099295092202422178,0.0085,,,,,,0
2026-02-22T06:30:27Z,67028631656597977031363620447645908995417871899828777750494099295092202422178,0.0085,,,,,,0
2026-02-22T06:40:23Z,67028631656597977031363620447645908995417871899828777750494099295092202422178,0.0085,,,,,,0
2026-02-22T06:50:22Z,67028631656597977031363620447645908995417871899828777750494099295092202422178,0.0085,,,,,,0
2026-02-22T07:00:58Z,67028631656597977031363620447645908995417871899828777750494099295092202422178,0.0085,,,,,,0
2026-02-22T07:10:36Z,67028631656597977031363620447645908995417871899828777750494099295092202422178,0.0085,,,,,,0
2026-02-22T07:20:21Z,67028631656597977031363620447645908995417871899828777750494099295092202422178,0.0085,,,,,,0
2026-02-22T07:30:30Z,67028631656597977031363620447645908995417871899828777750494099295092202422178,0.0085,,,,,,0
2026-02-22T07:40:30Z,67028631656597977031363620447645908995417871899828777750494099295092202422178,0.009,,,,,,0
2026-02-22T07:50:23Z,67028631656597977031363620447645908995417871899828777750494099295092202422178,0.009,,,,,,0
2026-02-22T08:00:34Z,67028631656597977031363620447645908995417871899828777750494099295092202422178,0.009,,,,,,0
2026-02-22T08:10:22Z,67028631656597977031363620447645908995417871899828777750494099295092202422178,0.009,,,,,,0
2026-02-22T08:20:21Z,67028631656597977031363620447645908995417871899828777750494099295092202422178,0.009,,,,,,0
2026-02-22T08:30:27Z,67028631656597977031363620447645908995417871899828777750494099295092202422178,0.009,,,,,,0
2026-02-22T08:40:23Z,67028631656597977031363620447645908995417871899828777750494099295092202422178,0.009,,,,,,0
2026-02-22T08:50:25Z,67028631656597977031363620447645908995417871899828777750494099295092202422178,0.009,,,,,,0
2026-02-22T09:00:34Z,67028631656597977031363620447645908995417871899828777750494099295092202422178,0.009,,,,,,0
2026-02-22T09:10:22Z,67028631656597977031363620447645908995417871899828777750494099295092202422178,0.009,,,,,,0
2026-02-22T09:20:37Z,67028631656597977031363620447645908995417871899828777750494099295092202422178,0.009,,,,,,0
2026-02-22T09:30:27Z,67028631656597977031363620447645908995417871899828777750494099295092202422178,0.009,,,,,,0
2026-02-22T09:40:22Z,67028631656597977031363620447645908995417871899828777750494099295092202422178,0.009,,,,,,0
2026-02-22T09:50:23Z,67028631656597977031363620447645908995417871899828777750494099295092202422178,0.009,,,,,,0
2026-02-22T10:00:29Z,67028631656597977031363620447645908995417871899828777750494099295092202422178,0.009,,,,,,0
2026-02-22T10:10:21Z,67028631656597977031363620447645908995417871899828777750494099295092202422178,0.009,,,,,,0
2026-02-22T10:20:22Z,67028631656597977031363620447645908995417871899828777750494099295092202422178,0.009,,,,,,0
2026-02-22T10:30:27Z,67028631656597977031363620447645908995417871899828777750494099295092202422178,0.009,,,,,,0
2026-02-22T10:50:21Z,67028631656597977031363620447645908995417871899828777750494099295092202422178,0.007,,,,,,0
2026-02-22T11:00:28Z,67028631656597977031363620447645908995417871899828777750494099295092202422178,0.0065,,,,,,0
2026-02-22T11:10:22Z,67028631656597977031363620447645908995417871899828777750494099295092202422178,0.0065,,,,,,0
2026-02-22T11:20:22Z,67028631656597977031363620447645908995417871899828777750494099295092202422178,0.0065,,,,,,0
2026-02-22T11:30:49Z,67028631656597977031363620447645908995417871899828777750494099295092202422178,0.0065,,,,,,0
2026-02-22T11:40:21Z,67028631656597977031363620447645908995417871899828777750494099295092202422178,0.0065,,,,,,0
2026-02-22T11:50:54Z,67028631656597977031363620447645908995417871899828777750494099295092202422178,0.0065,,,,,,0
2026-02-22T12:00:46Z,67028631656597977031363620447645908995417871899828777750494099295092202422178,0.0065,,,,,,0
2026-02-22T12:10:21Z,67028631656597977031363620447645908995417871899828777750494099295092202422178,0.0065,,,,,,0
2026-02-22T12:20:27Z,67028631656597977031363620447645908995417871899828777750494099295092202422178,0.0065,,,,,,0
2026-02-22T12:30:31Z,67028631656597977031363620447645908995417871899828777750494099295092202422178,0.0065,,,,,,0
2026-02-22T12:40:22Z,67028631656597977031363620447645908995417871899828777750494099295092202422178,0.0065,,,,,,0
2026-02-22T12:50:21Z,67028631656597977031363620447645908995417871899828777750494099295092202422178,0.0065,,,,,,0
2026-02-22T13:00:27Z,67028631656597977031363620447645908995417871899828777750494099295092202422178,0.007,,,,,,0
2026-02-22T13:10:26Z,67028631656597977031363620447645908995417871899828777750494099295092202422178,0.0075,,,,,,0
2026-02-22T13:20:39Z,67028631656597977031363620447645908995417871899828777750494099295092202422178,0.0075,,,,,,0
2026-02-22T13:30:28Z,67028631656597977031363620447645908995417871899828777750494099295092202422178,0.008,,,,,,0
2026-02-22T13:40:22Z,67028631656597977031363620447645908995417871899828777750494099295092202422178,0.008,,,,,,0
2026-02-22T13:50:23Z,67028631656597977031363620447645908995417871899828777750494099295092202422178,0.0085,,,,,,0
2026-02-22T14:00:58Z,67028631656597977031363620447645908995417871899828777750494099295092202422178,0.008,,,,,,0
2026-02-22T14:10:35Z,67028631656597977031363620447645908995417871899828777750494099295092202422178,0.008,,,,,,0
2026-02-22T14:20:39Z,67028631656597977031363620447645908995417871899828777750494099295092202422178,0.008,,,,,,0
2026-02-22T14:30:28Z,67028631656597977031363620447645908995417871899828777750494099295092202422178,0.008,,,,,,0
2026-02-22T14:40:22Z,67028631656597977031363620447645908995417871899828777750494099295092202422178,0.008,,,,,,0
2026-02-22T14:50:27Z,67028631656597977031363620447645908995417871899828777750494099295092202422178,0.008,,,,,,0
2026-02-22T15:00:34Z,67028631656597977031363620447645908995417871899828777750494099295092202422178,0.008,,,,,,0
2026-02-22T15:10:23Z,67028631656597977031363620447645908995417871899828777750494099295092202422178,0.008,,,,,,0
2026-02-22T15:20:23Z,67028631656597977031363620447645908995417871899828777750494099295092202422178,0.008,,,,,,0
2026-02-22T15:30:28Z,67028631656597977031363620447645908995417871899828777750494099295092202422178,0.008,,,,,,0
2026-02-22T15:40:48Z,67028631656597977031363620447645908995417871899828777750494099295092202422178,0.008,,,,,,0
2026-02-22T15:50:23Z,67028631656597977031363620447645908995417871899828777750494099295092202422178,0.008,,,,,,0
2026-02-22T16:00:31Z,67028631656597977031363620447645908995417871899828777750494099295092202422178,0.008,,,,,,0
2026-02-22T16:10:22Z,67028631656597977031363620447645908995417871899828777750494099295092202422178,0.008,,,,,,0
2026-02-22T16:20:22Z,67028631656597977031363620447645908995417871899828777750494099295092202422178,0.008,,,,,,0
2026-02-22T16:30:28Z,67028631656597977031363620447645908995417871899828777750494099295092202422178,0.0075,,,,,,0
2026-02-22T16:40:22Z,67028631656597977031363620447645908995417871899828777750494099295092202422178,0.0075,,,,,,0
2026-02-22T16:50:23Z,67028631656597977031363620447645908995417871899828777750494099295092202422178,0.0075,,,,,,0
2026-02-22T17:00:55Z,67028631656597977031363620447645908995417871899828777750494099295092202422178,0.0075,,,,,,0
2026-02-22T17:10:23Z,67028631656597977031363620447645908995417871899828777750494099295092202422178,0.0075,,,,,,0
2026-02-22T17:20:22Z,67028631656597977031363620447645908995417871899828777750494099295092202422178,0.0075,,,,,,0
2026-02-22T17:30:29Z,67028631656597977031363620447645908995417871899828777750494099295092202422178,0.0075,,,,,,0
2026-02-22T17:40:23Z,67028631656597977031363620447645908995417871899828777750494099295092202422178,0.0075,,,,,,0
2026-02-22T17:50:22Z,67028631656597977031363620447645908995417871899828777750494099295092202422178,0.0075,,,,,,0
2026-02-22T18:00:42Z,67028631656597977031363620447645908995417871899828777750494099295092202422178,0.0075,,,,,,0
2026-02-22T18:10:22Z,67028631656597977031363620447645908995417871899828777750494099295092202422178,0.0075,,,,,,0
2026-02-22T18:20:28Z,67028631656597977031363620447645908995417871899828777750494099295092202422178,0.0075,,,,,,0
2026-02-22T18:30:43Z,67028631656597977031363620447645908995417871899828777750494099295092202422178,0.0075,,,,,,0
2026-02-22T18:40:23Z,67028631656597977031363620447645908995417871899828777750494099295092202422178,0.0075,,,,,,0
2026-02-22T18:50:24Z,67028631656597977031363620447645908995417871899828777750494099295092202422178,0.0075,,,,,,0
2026-02-22T19:00:31Z,67028631656597977031363620447645908995417871899828777750494099295092202422178,0.0075,,,,,,0
2026-02-22T19:10:57Z,67028631656597977031363620447645908995417871899828777750494099295092202422178,0.0075,,,,,,0
2026-02-22T19:20:22Z,67028631656597977031363620447645908995417871899828777750494099295092202422178,0.0075,,,,,,0
2026-02-22T19:30:35Z,67028631656597977031363620447645908995417871899828777750494099295092202422178,0.0075,,,,,,0
2026-02-22T19:40:33Z,67028631656597977031363620447645908995417871899828777750494099295092202422178,0.0075,,,,,,0
2026-02-22T19:50:31Z,67028631656597977031363620447645908995417871899828777750494099295092202422178,0.0075,,,,,,0
2026-02-22T20:00:31Z,67028631656597977031363620447645908995417871899828777750494099295092202422178,0.0075,,,,,,0
2026-02-22T20:10:43Z,67028631656597977031363620447645908995417871899828777750494099295092202422178,0.0075,,,,,,0
2026-02-22T20:20:23Z,67028631656597977031363620447645908995417871899828777750494099295092202422178,0.0075,,,,,,0
2026-02-22T20:30:28Z,67028631656597977031363620447645908995417871899828777750494099295092202422178,0.0075,,,,,,0
2026-02-22T20:40:23Z,67028631656597977031363620447645908995417871899828777750494099295092202422178,0.0075,,,,,,0
2026-02-22T20:50:25Z,67028631656597977031363620447645908995417871899828777750494099295092202422178,0.0075,,,,,,0
2026-02-22T21:00:43Z,67028631656597977031363620447645908995417871899828777750494099295092202422178,0.0075,,,,,,0
2026-02-22T21:10:36Z,67028631656597977031363620447645908995417871899828777750494099295092202422178,0.0075,,,,,,0
2026-02-22T21:20:23Z,67028631656597977031363620447645908995417871899828777750494099295092202422178,0.0075,,,,,,0
2026-02-22T21:30:41Z,67028631656597977031363620447645908995417871899828777750494099295092202422178,0.0075,,,,,,0
2026-02-22T21:40:29Z,67028631656597977031363620447645908995417871899828777750494099295092202422178,0.0075,,,,,,0
2026-02-22T21:50:22Z,67028631656597977031363620447645908995417871899828777750494099295092202422178,0.0075,,,,,,0
2026-02-22T22:00:29Z,67028631656597977031363620447645908995417871899828777750494099295092202422178,0.0075,,,,,,0
2026-02-22T22:10:23Z,67028631656597977031363620447645908995417871899828777750494099295092202422178,0.0075,,,,,,0
2026-02-22T22:20:38Z,67028631656597977031363620447645908995417871899828777750494099295092202422178,0.0075,,,,,,0
2026-02-22T22:30:39Z,67028631656597977031363620447645908995417871899828777750494099295092202422178,0.0075,,,,,,0
2026-02-22T22:40:23Z,67028631656597977031363620447645908995417871899828777750494099295092202422178,0.0075,,,,,,0
2026-02-22T22:50:22Z,67028631656597977031363620447645908995417871899828777750494099295092202422178,0.0075,,,,,,0
2026-02-22T23:00:29Z,67028631656597977031363620447645908995417871899828777750494099295092202422178,0.0075,,,,,,0
2026-02-22T23:10:22Z,67028631656597977031363620447645908995417871899828777750494099295092202422178,0.0075,,,,,,0
2026-02-22T23:20:22Z,67028631656597977031363620447645908995417871899828777750494099295092202422178,0.0075,,,,,,0
2026-02-22T23:30:29Z,67028631656597977031363620447645908995417871899828777750494099295092202422178,0.0075,,,,,,0
2026-02-22T23:40:28Z,67028631656597977031363620447645908995417871899828777750494099295092202422178,0.0075,,,,,,0
2026-02-22T23:50:27Z,67028631656597977031363620447645908995417871899828777750494099295092202422178,0.0075,,,,,,0
2026-02-23T00:00:44Z,67028631656597977031363620447645908995417871899828777750494099295092202422178,0.0075,,,,,,0
2026-02-23T00:10:23Z,67028631656597977031363620447645908995417871899828777750494099295092202422178,0.0075,,,,,,0
2026-02-23T00:20:23Z,67028631656597977031363620447645908995417871899828777750494099295092202422178,0.0075,,,,,,0
2026-02-23T00:30:28Z,67028631656597977031363620447645908995417871899828777750494099295092202422178,0.0075,,,,,,0
2026-02-23T00:40:26Z,67028631656597977031363620447645908995417871899828777750494099295092202422178,0.0075,,,,,,0
2026-02-23T00:50:23Z,67028631656597977031363620447645908995417871899828777750494099295092202422178,0.0075,,,,,,0
2026-02-23T01:30:33Z,67028631656597977031363620447645908995417871899828777750494099295092202422178,0.0075,,,,,,0
2026-02-23T01:40:34Z,67028631656597977031363620447645908995417871899828777750494099295092202422178,0.0075,,,,,,0
2026-02-23T01:50:21Z,67028631656597977031363620447645908995417871899828777750494099295092202422178,0.0075,,,,,,0
2026-02-23T02:00:28Z,67028631656597977031363620447645908995417871899828777750494099295092202422178,0.0075,,,,,,0
2026-02-23T02:10:22Z,67028631656597977031363620447645908995417871899828777750494099295092202422178,0.0075,,,,,,0
2026-02-23T02:20:21Z,67028631656597977031363620447645908995417871899828777750494099295092202422178,0.0075,,,,,,0
2026-02-23T02:30:28Z,67028631656597977031363620447645908995417871899828777750494099295092202422178,0.0075,,,,,,0
2026-02-23T02:40:48Z,67028631656597977031363620447645908995417871899828777750494099295092202422178,0.0065,,,,,,0
2026-02-23T02:50:22Z,67028631656597977031363620447645908995417871899828777750494099295092202422178,0.0075,,,,,,0
2026-02-23T03:00:34Z,67028631656597977031363620447645908995417871899828777750494099295092202422178,0.008,,,,,,0
2026-02-23T03:10:25Z,67028631656597977031363620447645908995417871899828777750494099295092202422178,0.008,,,,,,0
2026-02-23T03:20:21Z,67028631656597977031363620447645908995417871899828777750494099295092202422178,0.0075,,,,,,0
2026-02-23T03:30:30Z,67028631656597977031363620447645908995417871899828777750494099295092202422178,0.0075,,,,,,0
2026-02-23T03:40:23Z,67028631656597977031363620447645908995417871899828777750494099295092202422178,0.0075,,,,,,0
2026-02-23T03:50:21Z,67028631656597977031363620447645908995417871899828777750494099295092202422178,0.0075,,,,,,0
2026-02-23T04:00:32Z,67028631656597977031363620447645908995417871899828777750494099295092202422178,0.0075,,,,,,0
2026-02-23T04:10:25Z,67028631656597977031363620447645908995417871899828777750494099295092202422178,0.0075,,,,,,0
2026-02-23T04:20:20Z,67028631656597977031363620447645908995417871899828777750494099295092202422178,0.0075,,,,,,0
2026-02-23T04:30:28Z,67028631656597977031363620447645908995417871899828777750494099295092202422178,0.0075,,,,,,0
2026-02-23T04:40:22Z,67028631656597977031363620447645908995417871899828777750494099295092202422178,0.0075,,,,,,0
2026-02-23T04:50:33Z,67028631656597977031363620447645908995417871899828777750494099295092202422178,0.0075,,,,,,0
2026-02-23T05:00:28Z,67028631656597977031363620447645908995417871899828777750494099295092202422178,0.0075,,,,,,0
2026-02-23T05:10:21Z,67028631656597977031363620447645908995417871899828777750494099295092202422178,0.0075,,,,,,0
2026-02-23T05:20:21Z,67028631656597977031363620447645908995417871899828777750494099295092202422178,0.0075,,,,,,0
2026-02-23T05:30:33Z,67028631656597977031363620447645908995417871899828777750494099295092202422178,0.0075,,,,,,0
2026-02-23T05:50:22Z,67028631656597977031363620447645908995417871899828777750494099295092202422178,0.0075,,,,,,0
2026-02-23T06:00:38Z,67028631656597977031363620447645908995417871899828777750494099295092202422178,0.0075,,,,,,0
2026-02-23T06:10:41Z,67028631656597977031363620447645908995417871899828777750494099295092202422178,0.0075,,,,,,0
2026-02-23T06:20:21Z,67028631656597977031363620447645908995417871899828777750494099295092202422178,0.0075,,,,,,0
2026-02-23T06:30:27Z,67028631656597977031363620447645908995417871899828777750494099295092202422178,0.0075,,,,,,0
2026-02-23T06:40:21Z,67028631656597977031363620447645908995417871899828777750494099295092202422178,0.0075,,,,,,0
2026-02-23T06:50:21Z,67028631656597977031363620447645908995417871899828777750494099295092202422178,0.0075,,,,,,0
2026-02-23T07:00:28Z,67028631656597977031363620447645908995417871899828777750494099295092202422178,0.0075,,,,,,0
2026-02-23T07:10:35Z,67028631656597977031363620447645908995417871899828777750494099295092202422178,0.0075,,,,,,0
2026-02-23T07:20:26Z,67028631656597977031363620447645908995417871899828777750494099295092202422178,0.0075,,,,,,0
2026-02-23T07:30:27Z,67028631656597977031363620447645908995417871899828777750494099295092202422178,0.0075,,,,,,0
2026-02-23T07:40:33Z,67028631656597977031363620447645908995417871899828777750494099295092202422178,0.0075,,,,,,0
2026-02-23T07:50:21Z,67028631656597977031363620447645908995417871899828777750494099295092202422178,0.0075,,,,,,0
2026-02-23T08:00:43Z,67028631656597977031363620447645908995417871899828777750494099295092202422178,0.0075,,,,,,0
2026-02-23T08:10:49Z,67028631656597977031363620447645908995417871899828777750494099295092202422178,0.0075,,,,,,0
2026-02-23T08:20:48Z,67028631656597977031363620447645908995417871899828777750494099295092202422178,0.0075,,,,,,0
2026-02-23T08:30:27Z,67028631656597977031363620447645908995417871899828777750494099295092202422178,0.0075,,,,,,0
2026-02-23T08:40:23Z,67028631656597977031363620447645908995417871899828777750494099295092202422178,0.0075,,,,,,0
2026-02-23T08:50:34Z,67028631656597977031363620447645908995417871899828777750494099295092202422178,0.0075,,,,,,0
2026-02-23T09:00:35Z,67028631656597977031363620447645908995417871899828777750494099295092202422178,0.0075,,,,,,0
2026-02-23T09:10:53Z,67028631656597977031363620447645908995417871899828777750494099295092202422178,0.0075,,,,,,0
2026-02-23T09:20:33Z,67028631656597977031363620447645908995417871899828777750494099295092202422178,0.0075,,,,,,0
2026-02-23T09:30:27Z,67028631656597977031363620447645908995417871899828777750494099295092202422178,0.0075,,,,,,0
2026-02-23T09:40:26Z,67028631656597977031363620447645908995417871899828777750494099295092202422178,0.0075,,,,,,0
2026-02-23T09:50:21Z,67028631656597977031363620447645908995417871899828777750494099295092202422178,0.0075,,,,,,0
2026-02-23T10:00:27Z,67028631656597977031363620447645908995417871899828777750494099295092202422178,0.0075,,,,,,0
2026-02-23T10:10:27Z,67028631656597977031363620447645908995417871899828777750494099295092202422178,0.0075,,,,,,0
2026-02-23T10:20:32Z,67028631656597977031363620447645908995417871899828777750494099295092202422178,0.0075,,,,,,0
2026-02-23T10:30:29Z,67028631656597977031363620447645908995417871899828777750494099295092202422178,0.0075,,,,,,0
2026-02-23T10:40:21Z,67028631656597977031363620447645908995417871899828777750494099295092202422178,0.0075,,,,,,0
2026-02-23T10:50:21Z,67028631656597977031363620447645908995417871899828777750494099295092202422178,0.0075,,,,,,0
2026-02-23T11:00:39Z,67028631656597977031363620447645908995417871899828777750494099295092202422178,0.0075,,,,,,0
2026-02-23T11:10:20Z,67028631656597977031363620447645908995417871899828777750494099295092202422178,0.0075,,,,,,0
2026-02-23T11:20:25Z,67028631656597977031363620447645908995417871899828777750494099295092202422178,0.0075,,,,,,0
2026-02-23T11:30:26Z,67028631656597977031363620447645908995417871899828777750494099295092202422178,0.0075,,,,,,0
2026-02-23T11:40:20Z,67028631656597977031363620447645908995417871899828777750494099295092202422178,0.0075,,,,,,0
2026-02-23T11:50:26Z,67028631656597977031363620447645908995417871899828777750494099295092202422178,0.0075,,,,,,0
2026-02-23T12:00:50Z,67028631656597977031363620447645908995417871899828777750494099295092202422178,0.0075,,,,,,0
2026-02-23T12:20:21Z,67028631656597977031363620447645908995417871899828777750494099295092202422178,0.0075,,,,,,0
2026-02-23T12:30:52Z,67028631656597977031363620447645908995417871899828777750494099295092202422178,0.0075,,,,,,0
2026-02-23T12:40:21Z,67028631656597977031363620447645908995417871899828777750494099295092202422178,0.0075,,,,,,0
2026-02-23T12:50:37Z,67028631656597977031363620447645908995417871899828777750494099295092202422178,0.0075,,,,,,0
2026-02-23T13:00:27Z,67028631656597977031363620447645908995417871899828777750494099295092202422178,0.0075,,,,,,0
2026-02-23T13:10:19Z,67028631656597977031363620447645908995417871899828777750494099295092202422178,0.0075,,,,,,0
2026-02-23T13:20:26Z,67028631656597977031363620447645908995417871899828777750494099295092202422178,0.0075,,,,,,0
2026-02-23T13:30:42Z,67028631656597977031363620447645908995417871899828777750494099295092202422178,0.0075,,,,,,0
2026-02-23T13:40:32Z,67028631656597977031363620447645908995417871899828777750494099295092202422178,0.0075,,,,,,0
2026-02-23T13:50:27Z,67028631656597977031363620447645908995417871899828777750494099295092202422178,0.0075,,,,,,0
2026-02-23T14:00:27Z,67028631656597977031363620447645908995417871899828777750494099295092202422178,0.0075,,,,,,0
2026-02-23T14:10:27Z,67028631656597977031363620447645908995417871899828777750494099295092202422178,0.0075,,,,,,0
2026-02-23T14:20:21Z,67028631656597977031363620447645908995417871899828777750494099295092202422178,0.0075,,,,,,0
2026-02-23T14:30:27Z,67028631656597977031363620447645908995417871899828777750494099295092202422178,0.0075,,,,,,0
2026-02-23T14:40:22Z,67028631656597977031363620447645908995417871899828777750494099295092202422178,0.0075,,,,,,0
2026-02-23T14:50:23Z,67028631656597977031363620447645908995417871899828777750494099295092202422178,0.0075,,,,,,0
2026-02-23T15:00:48Z,67028631656597977031363620447645908995417871899828777750494099295092202422178,0.0075,,,,,,0
2026-02-23T15:10:21Z,67028631656597977031363620447645908995417871899828777750494099295092202422178,0.0075,,,,,,0
2026-02-23T15:20:37Z,67028631656597977031363620447645908995417871899828777750494099295092202422178,0.0075,,,,,,0
2026-02-23T15:30:44Z,67028631656597977031363620447645908995417871899828777750494099295092202422178,0.0075,,,,,,0
2026-02-23T15:40:25Z,67028631656597977031363620447645908995417871899828777750494099295092202422178,0.0075,,,,,,0
2026-02-23T15:50:49Z,67028631656597977031363620447645908995417871899828777750494099295092202422178,0.0075,,,,,,0
2026-02-23T16:00:27Z,67028631656597977031363620447645908995417871899828777750494099295092202422178,0.0075,,,,,,0
2026-02-23T16:10:20Z,67028631656597977031363620447645908995417871899828777750494099295092202422178,0.0075,,,,,,0
2026-02-23T16:20:21Z,67028631656597977031363620447645908995417871899828777750494099295092202422178,0.0075,,,,,,0
2026-02-23T16:30:26Z,67028631656597977031363620447645908995417871899828777750494099295092202422178,0.0075,,,,,,0
2026-02-23T16:40:27Z,67028631656597977031363620447645908995417871899828777750494099295092202422178,0.0075,,,,,,0
2026-02-23T16:50:23Z,67028631656597977031363620447645908995417871899828777750494099295092202422178,0.0075,,,,,,0
2026-02-23T17:00:31Z,67028631656597977031363620447645908995417871899828777750494099295092202422178,0.0075,,,,,,0
2026-02-23T17:10:22Z,67028631656597977031363620447645908995417871899828777750494099295092202422178,0.0075,,,,,,0
2026-02-23T17:20:21Z,67028631656597977031363620447645908995417871899828777750494099295092202422178,0.0075,,,,,,0
2026-02-23T17:30:57Z,67028631656597977031363620447645908995417871899828777750494099295092202422178,0.0075,,,,,,0
2026-02-23T17:40:23Z,67028631656597977031363620447645908995417871899828777750494099295092202422178,0.0075,,,,,,0
2026-02-23T17:50:21Z,67028631656597977031363620447645908995417871899828777750494099295092202422178,0.0075,,,,,,0
2026-02-23T18:00:51Z,67028631656597977031363620447645908995417871899828777750494099295092202422178,0.0075,,,,,,0
2026-02-23T18:10:26Z,67028631656597977031363620447645908995417871899828777750494099295092202422178,0.0075,,,,,,0
2026-02-23T18:20:22Z,67028631656597977031363620447645908995417871899828777750494099295092202422178,0.0075,,,,,,0
2026-02-23T18:30:28Z,67028631656597977031363620447645908995417871899828777750494099295092202422178,0.0075,,,,,,0
2026-02-23T18:40:27Z,67028631656597977031363620447645908995417871899828777750494099295092202422178,0.0075,,,,,,0
2026-02-23T18:50:21Z,67028631656597977031363620447645908995417871899828777750494099295092202422178,0.0075,,,,,,0
2026-02-23T19:00:27Z,67028631656597977031363620447645908995417871899828777750494099295092202422178,0.0075,,,,,,0
2026-02-23T19:10:22Z,67028631656597977031363620447645908995417871899828777750494099295092202422178,0.0075,,,,,,0
2026-02-23T19:20:21Z,67028631656597977031363620447645908995417871899828777750494099295092202422178,0.0075,,,,,,0
2026-02-23T19:30:36Z,67028631656597977031363620447645908995417871899828777750494099295092202422178,0.0075,,,,,,0
2026-02-23T19:40:21Z,67028631656597977031363620447645908995417871899828777750494099295092202422178,0.0075,,,,,,0
2026-02-23T19:50:21Z,67028631656597977031363620447645908995417871899828777750494099295092202422178,0.0075,,,,,,0
2026-02-23T20:00:27Z,67028631656597977031363620447645908995417871899828777750494099295092202422178,0.0075,,,,,,0
2026-02-23T20:10:20Z,67028631656597977031363620447645908995417871899828777750494099295092202422178,0.0075,,,,,,0
2026-02-23T20:20:49Z,67028631656597977031363620447645908995417871899828777750494099295092202422178,0.0075,,,,,,0
2026-02-23T20:30:35Z,67028631656597977031363620447645908995417871899828777750494099295092202422178,0.0075,,,,,,0
2026-02-23T20:40:22Z,67028631656597977031363620447645908995417871899828777750494099295092202422178,0.0075,,,,,,0
2026-02-23T20:50:24Z,67028631656597977031363620447645908995417871899828777750494099295092202422178,0.0075,,,,,,0
2026-02-23T21:00:35Z,67028631656597977031363620447645908995417871899828777750494099295092202422178,0.0075,,,,,,0
2026-02-23T21:10:21Z,67028631656597977031363620447645908995417871899828777750494099295092202422178,0.0075,,,,,,0
2026-02-23T21:20:27Z,67028631656597977031363620447645908995417871899828777750494099295092202422178,0.0075,,,,,,0
2026-02-23T21:30:36Z,67028631656597977031363620447645908995417871899828777750494099295092202422178,0.0075,,,,,,0
2026-02-23T21:40:21Z,67028631656597977031363620447645908995417871899828777750494099295092202422178,0.0075,,,,,,0
2026-02-23T21:50:21Z,67028631656597977031363620447645908995417871899828777750494099295092202422178,0.0075,,,,,,0
2026-02-23T22:00:28Z,67028631656597977031363620447645908995417871899828777750494099295092202422178,0.0075,,,,,,0
2026-02-23T22:06:19Z,67028631656597977031363620447645908995417871899828777750494099295092202422178,0.0075,,,,,,0
